question_id,question,reference_answer,source_doi
1,Can large-scale tree cover change negate climate change impacts on future water availability?,"Large-scale tree cover change can partly negate climate change impacts on future water availability at the global scale by offsetting climate-driven increases in runoff, but regionally it can either enhance or reduce water availability depending on location.",10.5194/egusphere-2024-313
2,Could an extremely cold central European winter such as 1963 happen again despite climate change?,"Yes, a winter as cold as 1963 is still physically possible but very unlikely. Under present-day climate, similar circulation conditions would produce an extreme cold anomaly of about -4.9 to -4.7 °C, ranking as the second-coldest winter in the last 75 years. Cold winters are less frequent and less intense overall, but extreme events remain possible.",10.5194/wcd-5-943-2024
3,How can observational estimates of both global warming and anthropogenic CO2 emissions be integrated with model ensembles to refine carbon budget assessments?,"Observational estimates of warming and emissions can act as an emergent constraint when combined with historical simulations and future projections from model ensembles, improving the central estimate and reducing uncertainties. Applying this constraint to the cumulative carbon budgets for 1.5?°C and 2?°C of global warming derived from the CMIP6 ensemble mean increases the central estimates by more than 10%.",10.1038/s41467-024-46137-7
4,How do estimates of the economic damage of climate change at 3 °C  global warming change when accounting for additional climate indicators beyond the annual mean temperature?,"At 3 °C of global warming, economic damage estimates based solely on annual mean temperature changes project about a 10% decrease in global GDP. Because these estimates focus only on mean temperature and do not include other climate indicators such as changes in variability or extremes, they may be biased downward, meaning the true economic impacts could be higher once additional climate factors are considered.",10.1038/s41558-024-01990-8
5,How do ocean warming and acidification affect biological responses in marine organisms?,"They induce directional changes in calcification, survival, and metabolism, and significant deviations in twice as many biological responses, including physiology, reproduction, behavior, and development. ",10.1038/s41467-024-47064-3
6,How do the climatic effects of Antarctic ice sheet removal differ from those of Southern Ocean meltwater input?,"Antarctic ice sheet removal and Southern Ocean meltwater input have contrasting climatic effects. Meltwater input leads to cooling, causing a decrease in air temperature over Antarctica and lower Southern Ocean sea surface temperatures (SSTs). In contrast, ice sheet removal results in warming, producing 2-4 °C higher air temperatures over Antarctica.",10.1038/s41467-024-45501-x
7,How do the combined effects of ocean warming and acidification compare with the effects of each stressor individually on marine trophic levels?,"Both ocean acidification and ocean warming individually have detrimental effects on marine species, but their combined impact is generally negligible compared to each stressor alone. Interactions are most often antagonistic (44%) or additive (40%), with synergistic effects being rare (16%). Responses also vary by trophic level: primary producers benefit from acidification, whereas meso-predators and top predators remain more tolerant to both individual and combined stressors.",10.1038/s41467-024-47563-3
10,How does high reliance on carbon dioxide removal (CDR) affect residual emissions and the timing of net-zero CO? goals in Asia?,"High reliance on carbon dioxide removal (CDR) in Asia leads to residual fossil fuel and industry emissions of about 8 gigatonnes of CO? per year by 2050, compared to less than 1 gigatonne under moderate-to-low CDR reliance. It can also delay the achievement of domestic net-zero CO? emissions for several Asian countries and regions.",10.1038/s41467-024-50594-5
12,How does the marine carbon cycle influence the multiple equilibria window (MEW) of the Atlantic Meridional Overturning Circulation (AMOC)?,The marine carbon cycle influences the multiple equilibria window (MEW) of the AMOC by linking freshwater forcing to atmospheric pCO? and by changing the system’s total carbon content. A higher carbon content enlarges the MEW through shifts in both the on and off branch saddle node bifurcations.,10.5194/esd-15-1567-2024
13,How has glacial isostatic adjustment (GIA) affected the evolution of present-day subsea permafrost according to simulations?,"Glacial isostatic adjustment (GIA) has affected the evolution of subsea permafrost across the Arctic continental shelf, with deformational effects dominant in some seas and hydro-isostatic effects in others. Overall, accounting for GIA in simulations reduces both the extent and thickness of present-day subsea permafrost compared to simulations that omit GIA.",10.1038/s41467-024-45906-8
14,How has the indirect effect of elevated CO2 (eCO2) on global vegetation carbon uptake changed over the last few decades?,The indirect effect of elevated CO? on global vegetation carbon uptake was initially positive but has weakened over recent decades and shifted to negative in the early 21st century.,10.1038/s41467-024-45957-x
15,How might the implementation of climate policies toward carbon neutrality alter the atmospheric hydroxyl (OH) concentration?,"Climate policies aimed at carbon neutrality can lead to increases in global atmospheric hydroxyl (OH) concentrations, but this outcome depends strongly on the specific future emissions pathway. Under the SSP126 carbon-neutrality scenario, model simulations project a potential increase in global-mean OH of 0.071-0.16% per year during 2015-2100, mainly because reductions in methane and carbon monoxide lower OH sinks.",10.1038/s41467-024-47436-9
16,How much methane removal is required to avoid overshooting 1.5°C?,"To avoid overshooting 1.5 °C in the low-overshoot, strong-mitigation SSP1-1.9 scenario, a median cumulative methane removal of 1.2 PgCH? is required, though this may be much higher if climate sensitivity is high or the zero emissions commitment is positive.",10.1088/1748-9326/ad5853
17,How much of the global population is expected to be affected by precipitation changes under greenhouse gas emissions by the end of this century?,"By the end of the century, 38% of the current global population (about 3 billion people) would be affected under intermediate emissions, while 65.6% (about 5 billion people) would be affected under very high emissions. Projections of future populations yield a consistent affected range of 35.5-61.4%.",10.1038/s41467-023-44513-3
18,"In studies of ocean warming and acidification, how do deviational effects on marine organisms compare to directional effects across different climate scenarios (e.g., RCP 6, RCP 8.5, extreme levels)?","Deviational effects occur in about twice as many biological responses as directional effects. They are already evident under moderate intensity levels (RCP 6), while directional changes mostly appear only at higher intensity levels (RCP 8.5 and extreme scenarios).",10.1038/s41467-024-47064-3
19,"Tropical or extratropical cyclones: what drives the compound flood hazard, impact, and risk for the United States Southeast Atlantic coast?","Extratropical cyclones drive most yearly flood impacts (~2× more likely), but tropical cyclones dominate rare extremes, ~30× more likely to affect people in 100-year events and accounting for over half of regional flood risk. Sea-level rise expands flooded areas under both. Absolute risk is highest in greater Miami, while several less-populous counties bear the highest relative risks.",10.1007/s11069-024-06552-x
20,What are the drivers of the increasing capacity of the coastal ocean to absorb CO? from the atmosphere?”,"The increasing capacity of the coastal ocean to absorb CO? is mainly driven by biological responses to climate-induced changes in circulation (36%) and by increasing riverine nutrient loads (23%), which together outweigh the contribution from the ocean CO? solubility pump (41%).",10.1038/s41558-024-01956-w
21,"What are the effects of ocean acidification and warming on marine primary producers, both individually and in combination?","Ocean acidification (OA) and ocean warming (OW) individually exert detrimental effects on marine species, but their combined effect is generally negligible. Primary producers benefit from OA, whereas OW can increase primary production by up to 30% in much of the model domain. However, warming also strengthens upper ocean stratification, which inhibits nutrient supply to the euphotic zone and can constrain productivity.",10.1038/s41467-024-47563-3
22,What are the potential effects of urban irrigation on carbon release from urban ecosystem respiration in major cities of the United States?,"The modeling results indicate that the carbon release from urban ecosystem respiration is reduced by urban irrigation through evaporative cooling in humid climate, but promoted in arid/semi-arid regions. They show that irrigation reduces the net sequestration rate from urban vegetation by 0.22 gCO 2 mˆ-2 dˆ-1 , primarily due to the unintended increase of soil respiration. ",10.1038/s41467-024-46826-3
23,What are the sources of marine isoprene emissions? Do abiotic photochemical processes contribute to the total marine isoprene budget?,"While marine isoprene emissions have long been thought to arise primarily from biogenic sources, recent studies suggested that abiotic photochemical processes in the surface microlayer (SML) at the sea-air interface may also make a significant contribution to the overall marine isoprene budget.",10.1038/s41467-024-46744-4
24,What climatic impacts did partial melting of the Antarctic ice sheet during the Last Interglacial have on surface and ocean temperatures?,"Partial melting of the Antarctic ice sheet during the Last Interglacial caused surface warming over East Antarctica of 2 to 4 °C, increases in sea surface temperature in the Weddell and Ross Seas by up to 2 °C, and, from meltwater forcing, a decrease in high-latitude sea surface temperature together with a subsurface ocean temperature increase of up to 2 °C in the Ross Sea.",10.1038/s41467-024-45501-x
25,What climatic impacts result from Antarctic ice removal compared to Southern Ocean meltwater input?,"Antarctic ice removal leads to a 2-4 °C warming over  Antarctica, consistent with proxy records. In contrast, enhanced meltwater input causes an air temperature decrease over Antarctica and Southern Ocean surface cooling. ",10.1038/s41467-024-45501-x
26,What could happen to global carbon storage if plant biodiversity continues to decline under future climate and land-use change scenarios?,"If plant biodiversity continues to decline under future climate and land-use change scenarios, global carbon storage could decrease substantially. The projected loss of vegetation carbon ranges from 7.44-103.14 PgC in a global sustainability scenario to 10.87-145.95 PgC in a fossil-fueled development scenario. This reduction in carbon storage would also reinforce climate change through a positive feedback loop, where biodiversity loss leads to more carbon emissions, which then accelerate further climate change.",10.1038/s41467-024-47872-7
27,What differences in global cooling efficiency and temperature gradients arise from injecting stratospheric aerosols at different latitudes?,"Injecting stratospheric aerosols in the mid-latitudes produces more global cooling per unit injection, while the equatorial (EQ) and 60N+60S strategies require 59% and 50% more injection, respectively, to achieve the same global mean temperature target. Injecting at higher latitudes results in larger Equator-to-pole temperature gradients.",10.5194/esd-15-191-2024
28,"What drives the weakening of the subtropical circulation (SC) in a warmer climate, and what are its implications?","The weakening of the subtropical circulation is primarily driven by global-mean surface warming, with a partial counteracting effect from direct CO? forcing. Over time, the surface warming effect dominates, leading to a robust decline in SC intensity across CMIP6 models. This decline implies a contraction of the monsoon range and increased drying at the boundaries between monsoon and arid regions under CO?-induced global warming.",10.1038/s41467-023-44244-5
29,What ecological and biological processes affect the direction and strength of feedbacks between ecosystems and climate?,"Ecological and biological processes such as competition, trophic interactions, metabolism, and adaptation affect the directionality and magnitude of feedbacks between ecosystems and climate.",10.1111/gcb.17351
30,What explains the proportionality of global warming to cumulative carbon emissions?,"The proportionality of global warming to cumulative carbon emissions has been explained by a balance between the logarithmic dependence of radiative forcing on CO?  concentration and the saturation of CO?  sinks at higher CO?  levels. Some studies also suggested it arises because heat and carbon are mixed into the ocean by similar processes, but experiments show that their fluxes evolve very differently. Instead, the proportionality emerges from the combined behavior of the atmosphere, ocean, and land carbon pools, and is therefore not amenable to a simple physical explanation.",10.5194/egusphere-egu24-13603
34,What impact do albedo changes have on the climate mitigation potential of afforestation?,"Albedo changes can substantially reduce or even negate the climate mitigation potential of afforestation. In some regions (e.g., drylands and boreal areas), the albedo effect offsets most or all of the carbon removal benefits, with global carbon-only estimates being up to 81% too high if albedo is ignored. However, there are still locations across all biomes where afforestation provides net positive climate mitigation benefits.",10.1038/s41467-024-46577-1
35,What is the primary driver of changes to North American inland wetlands in simulations of future climate change?,"Changes to North American wetland areas are primarily driven by precipitation in low-emission scenarios, but by temperature and increased evaporation under high-emission scenarios. Thus, the primary driver shifts from precipitation to temperature depending on the severity of global warming.",10.1038/s41467-024-45286-z
36,What is the relationship between Antarctic ice volume and local temperature during the late Holocene?,"During the late Holocene, Antarctic ice volume shows a significant correlation (about 0.4-0.6) with local temperature records from the West Antarctic Divide ice core. Ice volume lags annual air temperature by roughly 250-650 years and summer air temperature by 250-500 years, indicating that changes in temperature precede changes in ice volume.",10.1038/s41467-024-54535-0
37,What methods can be used to update extinction risk assessments for tree species to account for recent changes in anthropogenic threats?,"Data-driven methods that quantify recent changes in threats such as urban expansion, tree cover loss, deforestation, and climate change can help identify species requiring re-evaluation, especially when combined with expert-based IUCN Red List knowledge.",10.1038/s41467-023-44321-9
38,What percentage of the global population is in favor of climate action?,"There is widespread support for climate action in the global population, with a clear majority in favor. 69% would be willing to contribute?1% of their income toward climate action, 86% endorse pro?climate social norms, and 89% demand stronger political action.",10.1038/s41558-024-01925-3
39,What process mainly drives the enhanced CO? uptake in the open ocean?,"The enhanced CO? uptake in the open ocean is mainly driven by physical and chemical processes, which account for about 96% of the strengthening of the open ocean CO? sink in recent decades. The chemically driven component accounts for about 71% and physical circulation for 24%.  Biological processes contribute only a minor share (about 5%).",10.1038/s41558-024-01956-w
40,"When did the Antarctic Ice Sheet reach its minimum extent during the Holocene, and how does this relate to temperature and insolation changes?","The Antarctic Ice Sheet reached its minimum extent around 2 ka, when it was about 0.3 m (-0.5 to 0.9 m) smaller in global mean sea-level equivalent than pre-industrial levels. This minimum followed a period after 3.9 ka when the ice sheet was already smaller than present and corresponds closely with variations in West Antarctic terrestrial temperature and summer insolation.",10.1038/s41467-024-54535-0
41,"Which fast tipping elements become at risk if global warming exceeds 2 °C or remains between 1.5 °C and 2 °C for a century, and what role could they play in tipping cascades?","If global warming rises above 2 °C, or stays between 1.5 °C and 2 °C for a centennial timescale, fast tipping elements such as the Atlantic Meridional Overturning Circulation (AMOC) and the Amazon rainforest are at risk of tipping. These elements could then initiate cascading transitions on much faster timescales than the large ice sheets.",10.5194/esd-15-41-2024
43,Why are Arctic isoprene emissions so sensitive to temperature changes?,"Certain types of sedges have been identified as the main source of the strong response of isoprene emissions in Arctic ecosystems to rising temperatures. In plant-chamber experiments, the isoprene emissions of these sedges increase by much more than those of other isoprene emitters when temperatures rise.",10.1038/s41467-024-49960-0
44,Why are global mean sea level (GMSL) and global temperature considered decoupled during the Holocene?,"GMSL and global temperature are decoupled during the Holocene because GMSL is mainly controlled by polar ice mass changes, which respond much more slowly to temperature shifts lagging by decades to millennia compared to the global mean temperature that reflects insolation variations across all latitudes. As a result, the timing of maximum GMSL does not align with the timing of peak global temperatures.",10.1038/s41467-024-54535-0
45,Why are global warming levels (GWLs) increasingly used instead of fixed time horizons in climate projections?,"Global warming levels (GWLs) are used instead of fixed time horizons because they reduce scenario uncertainty, allow comparisons across emission pathways and model sensitivities, provide more policy-relevant and actionable information (especially on extremes), and avoid the limitations of fixed horizons like 2100.",10.5194/esd-15-589-2024
46,Why are marine isoprene emissions significant for atmospheric composition and climate?,"Marine isoprene emissions are significant because, in relatively pristine marine air, they influence atmospheric composition by altering the oxidative capacity and affect climate through the formation of secondary organic aerosols (SOA) and clouds.",10.1038/s41467-024-46744-4
47,"Why does the ""emergent constraint on equilibrium climate sensitivity from global temperature variability"" work for CMIP5 and not CMIP6?","The emergent constraint on equilibrium climate sensitivity (ECS) from global temperature variability, as proposed in CHW18, works for CMIP5 but not for CMIP6 because one of the key assumptions in CHW18 that ECS and the internal variability parameter show low correlation and variation holds true for CMIP5 models but not for CMIP6. When this correlation is properly accounted for, the emergent relationship reappears in both CMIP5 and CMIP6, showing that the theoretical framework of CHW18 remains valid. However, an emergent constraint cannot currently be applied to CMIP6 because observational estimates of the internal variability parameter are too uncertain.",10.5194/esd-15-829-2024
48,Why does the soil microbial carbon use efficiency (CUE) increase in some forests but decrease in others under global warming?,"Whether the soil microbial carbon use efficiency (CUE) increases or decreases with rising temperatures depends on the climate. In cold forests (with a mean annual temperature below 10 °C), CUE tends to decrease with rising temperatures, while it tends to increase in warm forests (mean annual temperature above 10 °C).",10.1038/s41467-024-50593-6
49,"Why has the Thwaites Glacier in West Antarctica been nicknamed the ""Doomsday Glacier""?","The Thwaites Glacier has been nicknamed the ""Doomsday Glacier"" because it is undergoing the fastest recession in West Antarctica, its ice loss is currently responsible for roughly four percent of global sea-level rise due to climate change and ocean warming, and its continuous collapsing and melting pose a severe threat to humans.",10.62252/nss.2024.1005
50,Would the Oceans Become Toxic to Humanity Due to Use and Mismanagement of Plastics?,"The oceans could become toxic to humanity between 2398 and 2456 if microplastic discharge continues to grow, or between 2408 and 2472 if growth ends in 2020. If emissions had stopped in 2020, the oceans would not  become toxic. Remediation strategies such as reducing single-use plastics, raising awareness, and improving stormwater and wastewater treatment are described as ways to prevent oceans from becoming toxic to humanity.",10.3390/ijerph22010017
